"Timestamp","How often do you consciously make an effort to be kinder to yourself?","How often do you consciously make an effort to show kindness to other people?","Which, if any, of the following do you find challenging?","Do you currently use any apps or digital tools for personal development or wellbeing?","Which of these approaches have you tried to improve your wellbeing or personal habits?","How useful does this concept sound to you personally?","How likely would you be to try a free version of this app?","Which features, if any, would interest you?","What concerns, if any, would you have about using an AI-powered kindness app?","Which option best describes your willingness to pay for an app like this?","If you decided to pay for an app like this, what monthly price would you consider reasonable?","What would make The Kindness Gym more useful to you? Is there anything about the 21-day course, AI guidance or other features that you would change, or that might put you off using it?"
"2026/09/22 3:57:08 PM GMT+1","About once a week","Several times a week","Maintaining positive habits","I have used them in the past","Meditation or mindfulness","Moderately useful","Somewhat likely","A structured 21-day kindness course","Privacy and personal data;Inaccurate or inappropriate advice;Becoming too dependent on AI;Cost","I would only use a free version","I would not pay",""
"2026/09/22 3:57:29 PM GMT+1","Several times a week","Several times a week","Being kind to myself when I make a mistake;Setting boundaries without feeling guilty","I have used them in the past","None of these;Motivation app ","Moderately useful","Somewhat likely","Personalised exercises based on everyday situations;Short research-based insights;Progress tracking and habit reminders","Inaccurate or inappropriate advice;Cost","I would consider paying for additional features","€2–€4.99",""
"2026/09/22 3:58:30 PM GMT+1","Daily","Daily","Being kind to myself when I make a mistake;Setting boundaries without feeling guilty;Maintaining positive habits","No, but I would consider it","Journaling or reflection;Coaching or structured courses","Not at all useful","Somewhat likely","Personalised exercises based on everyday situations;Short research-based insights;Progress tracking and habit reminders","Privacy and personal data;Inaccurate or inappropriate advice;Becoming too dependent on AI;Cost","I would only use a free version","I would not pay",""
"2026/09/22 3:58:44 PM GMT+1","Daily","Not sure","Finding time or energy to help others","No, but I would consider it","Journaling or reflection;Self-help books or podcasts","Moderately useful","Very likely","Exercises for kindness towards others;Short research-based insights","Inaccurate or inappropriate advice","I would only use a free version","€2–€4.99",""
"2026/09/22 4:05:57 PM GMT+1","Less often","Several times a week","Being kind to myself when I make a mistake;Setting boundaries without feeling guilty;Being patient with other people","No, but I would consider it","Meditation or mindfulness","Moderately useful","Very likely","Exercises for self-kindness;Personalised exercises based on everyday situations;Short research-based insights;Progress tracking and habit reminders","Privacy and personal data;Inaccurate or inappropriate advice;Lack of human interaction","I might pay if I found it useful","Less than €2","I am a little wary of AI, so that might put me off "
"2026/09/22 4:06:30 PM GMT+1","Not sure","Several times a week","Being kind to myself when I make a mistake;Setting boundaries without feeling guilty;Maintaining positive habits","No, and I am not interested","Meditation or mindfulness","Not at all useful","Very unlikely","None of these","Privacy and personal data;Inaccurate or inappropriate advice;Becoming too dependent on AI;Cost;Lack of human interaction","I would not use this type of app","I would not pay",""
"2026/09/22 4:06:46 PM GMT+1","About once a week","Daily","Being kind to myself when I make a mistake;Setting boundaries without feeling guilty","No, but I would consider it","Self-help books or podcasts;Coaching or structured courses","Very useful","Somewhat likely","Exercises for self-kindness;A structured 21-day kindness course;Short research-based insights","Privacy and personal data;Lack of human interaction","I would consider paying for additional features","€2–€4.99",""
"2026/09/22 4:07:41 PM GMT+1","Not sure","Daily","Being kind to myself when I make a mistake","No, and I am not interested","None of these","Not at all useful","Very unlikely","None of these","Privacy and personal data;Inaccurate or inappropriate advice;Becoming too dependent on AI;Cost;I would have no concerns","I would not use this type of app","I would not pay","Not interested in it"
"2026/09/22 4:08:07 PM GMT+1","Less often","About once a week","Being kind to myself when I make a mistake","No, but I would consider it","Self-help books or podcasts;Coaching or structured courses","Very useful","Very likely","Exercises for self-kindness;A structured 21-day kindness course;Personalised exercises based on everyday situations;Progress tracking and habit reminders","Privacy and personal data;Cost;Lack of human interaction","I might pay if I found it useful","€2–€4.99",""
"2026/09/22 4:08:26 PM GMT+1","Daily","Daily","Being kind to myself when I make a mistake;Setting boundaries without feeling guilty;Knowing how best to help someone;Maintaining positive habits","Yes, occasionally","Wellbeing or habit-tracking apps","Not at all useful","Very unlikely","None of these","Privacy and personal data;Inaccurate or inappropriate advice;Becoming too dependent on AI;Cost;Lack of human interaction","I might pay if I found it useful","Less than €2",""
"2026/09/22 4:10:13 PM GMT+1","Less often","About once a week","Being kind to myself when I make a mistake;Being patient with other people","Yes, regularly","Wellbeing or habit-tracking apps;Coaching or structured courses","Slightly useful","Somewhat unlikely","Short research-based insights","Inaccurate or inappropriate advice","I would not use this type of app","I would not pay","Real human feedback instead of AI, even given anonymously though an app might be useful input to change my daily behavioural habits"
"2026/09/22 4:10:45 PM GMT+1","Daily","Daily","Knowing how best to help someone;Maintaining positive habits","Yes, regularly","Meditation or mindfulness;Self-help books or podcasts;Coaching or structured courses","Extremely useful","Very likely","Exercises for kindness towards others;Progress tracking and habit reminders;Engaging Others, improving communication ","Privacy and personal data;Inaccurate or inappropriate advice","I would only use a free version","I would not pay","Improving Self Awareness "
"2026/09/22 4:11:02 PM GMT+1","Never","Several times a week","Knowing how best to help someone;Being patient with other people","I have used them in the past","Meditation or mindfulness;Journaling or reflection;Self-help books or podcasts;Coaching or structured courses","Moderately useful","Somewhat likely","Exercises for self-kindness;A structured 21-day kindness course;Short research-based insights","Privacy and personal data;Inaccurate or inappropriate advice;Cost","I might pay if I found it useful","Not sure",""
"2026/09/22 4:12:15 PM GMT+1","Less often","Daily","Setting boundaries without feeling guilty;Being patient with other people;Maintaining positive habits","No, but I would consider it","Meditation or mindfulness;Wellbeing or habit-tracking apps","Moderately useful","Very likely","Exercises for self-kindness;Exercises for kindness towards others;A structured 21-day kindness course;Short research-based insights;Progress tracking and habit reminders","Privacy and personal data;Inaccurate or inappropriate advice;Cost","I would only use a free version","I would not pay","I'd need more information to say, but a structured course with feedback and guidance"
"2026/09/22 4:12:21 PM GMT+1","Daily","Daily","Setting boundaries without feeling guilty;Knowing how best to help someone;Being patient with other people","No, but I would consider it","Meditation or mindfulness","Moderately useful","Somewhat likely","Personalised exercises based on everyday situations;Progress tracking and habit reminders","Inaccurate or inappropriate advice;Lack of human interaction","I might pay if I found it useful","€2–€4.99",""
"2026/09/22 4:12:33 PM GMT+1","Daily","Daily","Being kind to myself when I make a mistake;Maintaining positive habits","No, and I am not interested","Meditation or mindfulness;Journaling or reflection;Wellbeing or habit-tracking apps;Coaching or structured courses","Moderately useful","Neither likely nor unlikely","Exercises for self-kindness;Personalised exercises based on everyday situations;Short research-based insights","Privacy and personal data;Inaccurate or inappropriate advice;Cost","I might pay if I found it useful","€5–€9.99","Don’t know "
"2026/09/22 4:14:01 PM GMT+1","About once a week","Several times a week","Being kind to myself when I make a mistake;Setting boundaries without feeling guilty;Knowing how best to help someone;Being patient with other people;Maintaining positive habits","No, but I would consider it","Meditation or mindfulness","Very useful","Very likely","Exercises for self-kindness;Exercises for kindness towards others;A structured 21-day kindness course;Personalised exercises based on everyday situations;Progress tracking and habit reminders","Privacy and personal data;Inaccurate or inappropriate advice;Becoming too dependent on AI;Cost;Lack of human interaction","I would only use a free version","I would not pay",""
"2026/09/22 4:15:56 PM GMT+1","Several times a week","Not sure","Being kind to myself when I make a mistake;Setting boundaries without feeling guilty;Being patient with other people","Yes, regularly","Journaling or reflection;Support Groups, Therapy","Moderately useful","Somewhat likely","Exercises for self-kindness;Personalised exercises based on everyday situations;Progress tracking and habit reminders","Privacy and personal data;Monetization","I might pay if I found it useful","Not sure","AI tends to be excessively kind and understanding but that makes me disregard it because it's insincere and formulaic"
"2026/09/22 4:16:41 PM GMT+1","Several times a week","Several times a week","Being kind to myself when I make a mistake;Setting boundaries without feeling guilty;Being patient with other people;Maintaining positive habits","I have used them in the past","Meditation or mindfulness;Journaling or reflection;Self-help books or podcasts;Coaching or structured courses","Moderately useful","Neither likely nor unlikely","Exercises for self-kindness","Lack of human interaction","I would only use a free version","Less than €2","I am not very consistent on using this kind of apps, sorry"
"2026/09/22 4:17:38 PM GMT+1","Several times a week","Daily","Being kind to myself when I make a mistake;Maintaining positive habits","No, but I would consider it","Journaling or reflection;Self-help books or podcasts","Moderately useful","Very likely","Personalised exercises based on everyday situations;Short research-based insights;Progress tracking and habit reminders","I would have no concerns","I might pay if I found it useful","€5–€9.99",""
"2026/09/22 4:20:18 PM GMT+1","Daily","Daily","Setting boundaries without feeling guilty;Being patient with other people","Yes, occasionally","Travelling and taking personal trips ","Very useful","Very likely","Personalised exercises based on everyday situations;Progress tracking and habit reminders","Privacy and personal data;Lack of human interaction","Not sure","Not sure",""
"2026/09/22 4:23:42 PM GMT+1","Daily","Daily","Being kind to myself when I make a mistake","Yes, occasionally","Meditation or mindfulness;Wellbeing or habit-tracking apps;None of these","Moderately useful","Very likely","Exercises for self-kindness;Progress tracking and habit reminders","Lack of human interaction","I might pay if I found it useful","€2–€4.99","If somehow you could Share your kind actions with others and challenge them to do a kind action too."
"2026/09/22 4:24:03 PM GMT+1","Several times a week","Several times a week","Being patient with other people","No, but I would consider it","None of these","Moderately useful","Neither likely nor unlikely","A structured 21-day kindness course;Progress tracking and habit reminders","Lack of human interaction","I would only use a free version","I would not pay",""
"2026/09/22 4:35:00 PM GMT+1","Not sure","Daily","Setting boundaries without feeling guilty;Being patient with other people","Yes, occasionally","The Bible ","Very useful","Somewhat likely","Exercises for kindness towards others","Inaccurate or inappropriate advice;Becoming too dependent on AI;Lack of human interaction","Not sure","Not sure","We should be kind to one another but we should not forget justice either. Kindness should not work against us or allow others to abuse our kindness"
"2026/09/22 4:37:50 PM GMT+1","Less often","Daily","Setting boundaries without feeling guilty;Being patient with other people;Maintaining positive habits","No, but I would consider it","Meditation or mindfulness;Self-help books or podcasts","Slightly useful","Somewhat unlikely","Exercises for self-kindness;Short research-based insights","I would have no concerns","I might pay if I found it useful","€2–€4.99",""
"2026/09/22 4:39:45 PM GMT+1","Less often","Several times a week","Being kind to myself when I make a mistake;Setting boundaries without feeling guilty;Maintaining positive habits","No, but I would consider it","Journaling or reflection;Self-help books or podcasts","Moderately useful","Somewhat likely","Personalised exercises based on everyday situations;Progress tracking and habit reminders","Inaccurate or inappropriate advice;Cost","I might pay if I found it useful","€2–€4.99","Accountability tracker for weekly goals "
"2026/09/22 4:42:04 PM GMT+1","Daily","Daily","Being kind to myself when I make a mistake;Setting boundaries without feeling guilty;Maintaining positive habits","No, but I would consider it","Meditation or mindfulness;Journaling or reflection;Self-help books or podcasts;Coaching or structured courses","Moderately useful","Somewhat likely","Exercises for self-kindness;A structured 21-day kindness course;Personalised exercises based on everyday situations;Short research-based insights;Progress tracking and habit reminders","I try to avoid ai products as much as i can due to their environmental damage that is unproportional to the outcome of an app or a stupid video","I would not use this type of app","I would not pay",""
"2026/09/22 4:42:45 PM GMT+1","Several times a week","Several times a week","Setting boundaries without feeling guilty;Being patient with other people","No, and I am not interested","Physical activity ","Moderately useful","Neither likely nor unlikely","None of these","Privacy and personal data;Inaccurate or inappropriate advice;Becoming too dependent on AI;Cost","I would only use a free version","I would not pay","Not sure"
"2026/09/22 4:46:34 PM GMT+1","Daily","Daily","Being kind to myself when I make a mistake;Setting boundaries without feeling guilty;Finding time or energy to help others;Knowing how best to help someone;Being patient with other people;Maintaining positive habits","No, but I would consider it","None of these","Not sure","Neither likely nor unlikely","Exercises for self-kindness;Exercises for kindness towards others;Personalised exercises based on everyday situations;Progress tracking and habit reminders","Inaccurate or inappropriate advice;Cost","I would only use a free version","Less than €2",""
"2026/09/22 4:50:33 PM GMT+1","Several times a week","Several times a week","Being kind to myself when I make a mistake;Being patient with other people;None of these","I have used them in the past","Meditation or mindfulness","Very useful","Somewhat likely","Exercises for self-kindness;Personalised exercises based on everyday situations","Privacy and personal data;Becoming too dependent on AI;Cost","I might pay if I found it useful","€5–€9.99",""
"2026/09/22 4:57:46 PM GMT+1","Several times a week","Daily","Finding time or energy to help others","I have used them in the past","Meditation or mindfulness;Self-help books or podcasts","Moderately useful","Somewhat likely","Exercises for kindness towards others","Inaccurate or inappropriate advice","I might pay if I found it useful","€2–€4.99",""
"2026/09/22 4:59:48 PM GMT+1","Several times a week","Daily","Being kind to myself when I make a mistake;Setting boundaries without feeling guilty;Maintaining positive habits","I have used them in the past","Meditation or mindfulness;Journaling or reflection;Self-help books or podcasts","Moderately useful","Very likely","Exercises for kindness towards others;A structured 21-day kindness course;Personalised exercises based on everyday situations;Short research-based insights","Privacy and personal data;Inaccurate or inappropriate advice;Lack of human interaction","I would only use a free version","Less than €2","A wider mission that facilitates giving back and reflects the ethos of kindness - e.g. a charity partnership, a way to facilitate kindness with human connections in real life, good news stories from around the world but also as a reflection of the kindness in practise. A focus on ensuring that the course isn't another habit reinforcemeny of being locked into our phone at an attempt to be better, while we walk past the old lady next door with no family or the person who fell over in the street. A translation of real life implementation and research backed methods."
"2026/09/22 5:00:50 PM GMT+1","Several times a week","Several times a week","Being kind to myself when I make a mistake;Setting boundaries without feeling guilty;Knowing how best to help someone;Maintaining positive habits","I have used them in the past","None of these;I stand up at a regular time, co-work with peers and know ahead of time what I'll do in the evening to relax/reward myself","Slightly useful","Somewhat unlikely","Short research-based insights;I feel like it'd be extremely difficult for the app to reach the level insight into me as a person to learn how to really help. I have been with myself for the past decades and are quite far down my own philosophy about all these things.","Privacy and personal data;Inaccurate or inappropriate advice;Becoming too dependent on AI;Cost;Lack of human interaction","I would only use a free version","Not sure","I am not big on AI. If I have a problem, I talk it over with a person who knows me. If I don't have a person to do that with, my life is pretty sad and this app wouldn't help. 

I also am someone who feels like he has worked on these aspects for a while. I would be concerned that blanket level findings would be things I heard about already 10 years ago and that wouldn't really be worth my time.

Perhaps some customization could be done with AI to get to know me but then I could also use any other chatbot (if I'd be so inclined) or as I mentioned above, seek out humans to talk about these things. 

In general I have never found habit tracking useful as when you are struggling with keeping habits, keeping the habit of habit tracking is frequently short-lived and adds just another habit you can fail at. "
"2026/09/22 5:05:03 PM GMT+1","Never","Daily","Knowing how best to help someone;Being patient with other people;Maintaining positive habits","No, and I am not interested","Meditation or mindfulness;Counselling ","Not at all useful","Very unlikely","None of these","Not really interested but if I was the main concern would be likely utility / efficacy","I would not use this type of app","I would not pay","For something like this I'd only be interested in f2f interaction not using an app"
"2026/09/22 5:31:04 PM GMT+1","Several times a week","Daily","Being kind to myself when I make a mistake;Setting boundaries without feeling guilty;Finding time or energy to help others;Knowing how best to help someone;Being patient with other people;Maintaining positive habits","No, but I would consider it","Meditation or mindfulness;Journaling or reflection","Slightly useful","Neither likely nor unlikely","Personalised exercises based on everyday situations;Progress tracking and habit reminders","Privacy and personal data;The cost of using AI without conscious to the environment.","I would not use this type of app","I would not pay",""
"2026/09/22 5:31:58 PM GMT+1","Daily","Several times a week","Maintaining positive habits","No, and I am not interested","Meditation or mindfulness","Not sure","Neither likely nor unlikely","Progress tracking and habit reminders","I would have no concerns","I would not use this type of app","€2–€4.99",""
"2026/09/22 5:39:07 PM GMT+1","About once a week","Several times a week","Being kind to myself when I make a mistake;Setting boundaries without feeling guilty;Maintaining positive habits","No, but I would consider it","Journaling or reflection;Self-help books or podcasts;Wellbeing or habit-tracking apps","Extremely useful","Very likely","Exercises for self-kindness;Exercises for kindness towards others","Privacy and personal data;Becoming too dependent on AI","I might pay if I found it useful","€2–€4.99",""
"2026/09/22 5:40:33 PM GMT+1","Less often","Several times a week","Being kind to myself when I make a mistake;Setting boundaries without feeling guilty","No, but I would consider it","None of these","Slightly useful","Somewhat unlikely","Progress tracking and habit reminders","Privacy and personal data;Inaccurate or inappropriate advice","Not sure","Not sure",""
"2026/09/22 5:45:26 PM GMT+1","Not sure","Daily","Being kind to myself when I make a mistake;Being patient with other people","No, and I am not interested","Meditation or mindfulness;Journaling or reflection","Not at all useful","Very unlikely","None of these","Inaccurate or inappropriate advice;Lack of human interaction","I would not use this type of app","I would not pay","I might be more interested if the subject was different. I don't really find a serious need in my life for this. "
"2026/09/22 5:53:42 PM GMT+1","Daily","Daily","Setting boundaries without feeling guilty","No, but I would consider it","Self-help books or podcasts","Not sure","Very unlikely","Personalised exercises based on everyday situations","Inaccurate or inappropriate advice","I would not use this type of app","I would not pay","No"
"2026/09/22 5:57:22 PM GMT+1","Daily","Daily","Setting boundaries without feeling guilty;Being patient with other people;Maintaining positive habits","Yes, occasionally","Meditation or mindfulness;Journaling or reflection;Self-help books or podcasts;Wellbeing or habit-tracking apps;Coaching or structured courses","Not sure","Very likely","A structured 21-day kindness course;Short research-based insights;Progress tracking and habit reminders","I would have no concerns","I would consider paying for additional features","Not sure","This sounds a bit like Action for Happiness? The School of Moral Ambition is also worth looking at. I think an offline format could be interesting - I’m currently a bit app’d out!"
"2026/09/22 6:00:24 PM GMT+1","Never","Daily","Being kind to myself when I make a mistake;Finding time or energy to help others;Being patient with other people;Maintaining positive habits","No, and I am not interested","Meditation or mindfulness;Self-help books or podcasts","Not at all useful","Very unlikely","None of these","Privacy and personal data;Inaccurate or inappropriate advice;Lack of human interaction","I would not use this type of app","I would not pay","I’m not sure I want anything ai powered to help me in this manner "
"2026/09/22 6:01:57 PM GMT+1","Daily","Daily","Being kind to myself when I make a mistake;Setting boundaries without feeling guilty;Maintaining positive habits","I have used them in the past","Meditation or mindfulness;Journaling or reflection;Self-help books or podcasts","Very useful","Somewhat likely","Exercises for self-kindness;Progress tracking and habit reminders","Privacy and personal data;Becoming too dependent on AI","I might pay if I found it useful","Less than €2",""
"2026/09/22 6:04:10 PM GMT+1","Several times a week","Daily","Being kind to myself when I make a mistake;Setting boundaries without feeling guilty;Finding time or energy to help others;Being patient with other people;Maintaining positive habits","Yes, regularly","Meditation or mindfulness;Journaling or reflection;Self-help books or podcasts;Wellbeing or habit-tracking apps","Very useful","Very likely","Exercises for self-kindness;Exercises for kindness towards others;Personalised exercises based on everyday situations;Short research-based insights","Becoming too dependent on AI;Cost;Lack of human interaction","I would only use a free version","€2–€4.99","Focusing on particular themes within kindness, such as Being Patient with Others or Anger Management."
"2026/09/22 6:04:49 PM GMT+1","Daily","Daily","Being kind to myself when I make a mistake;Setting boundaries without feeling guilty;Being patient with other people;Maintaining positive habits","Yes, regularly","Meditation or mindfulness;Journaling or reflection;Self-help books or podcasts;Coaching or structured courses","Moderately useful","Somewhat likely","Exercises for self-kindness;Exercises for kindness towards others;Personalised exercises based on everyday situations;Progress tracking and habit reminders","Privacy and personal data;Inaccurate or inappropriate advice;Becoming too dependent on AI;Cost","I would only use a free version","Not sure","If it’s too much work, I’d probably skip it. "
"2026/09/22 6:08:12 PM GMT+1","Daily","Several times a week","Being kind to myself when I make a mistake;Setting boundaries without feeling guilty;Being patient with other people","Yes, occasionally","Wellbeing or habit-tracking apps","Very useful","Very likely","Exercises for self-kindness;A structured 21-day kindness course","Privacy and personal data;Becoming too dependent on AI;Cost","I might pay if I found it useful","€2–€4.99",""
"2026/09/22 6:15:23 PM GMT+1","Several times a week","Daily","Being kind to myself when I make a mistake;Being patient with other people;Maintaining positive habits","Yes, regularly","Journaling or reflection;Self-help books or podcasts","Very useful","Very likely","Exercises for self-kindness;Personalised exercises based on everyday situations;Progress tracking and habit reminders","Privacy and personal data;Inaccurate or inappropriate advice;Cost","I might pay if I found it useful","Not sure",""
"2026/09/22 6:22:18 PM GMT+1","Less often","Several times a week","Being kind to myself when I make a mistake;Setting boundaries without feeling guilty","No, but I would consider it","Meditation or mindfulness","Very useful","Very likely","Exercises for self-kindness;Personalised exercises based on everyday situations","Privacy and personal data;Inaccurate or inappropriate advice;Becoming too dependent on AI;Cost","I might pay if I found it useful","€2–€4.99",""
"2026/09/22 6:31:04 PM GMT+1","Not sure","Daily","Being kind to myself when I make a mistake;Setting boundaries without feeling guilty;Maintaining positive habits","I have used them in the past","Wellbeing or habit-tracking apps;philosophic studies","Not at all useful","Very unlikely","Exercises for self-kindness;Progress tracking and habit reminders","Cost","I would only use a free version","I would not pay",""
"2026/09/22 6:44:38 PM GMT+1","Daily","Daily","Setting boundaries without feeling guilty;Maintaining positive habits","No, and I am not interested","None of these","Not at all useful","Very unlikely","None of these","I would have no concerns","I would not use this type of app","I would not pay",""
"2026/09/22 6:51:12 PM GMT+1","Several times a week","Several times a week","Being kind to myself when I make a mistake;Setting boundaries without feeling guilty;Knowing how best to help someone;Maintaining positive habits","No, but I would consider it","Meditation or mindfulness;Journaling or reflection;Self-help books or podcasts;Coaching or structured courses","Very useful","Very likely","Exercises for self-kindness;Exercises for kindness towards others;A structured 21-day kindness course;Progress tracking and habit reminders","Privacy and personal data;Cost","I would only use a free version","€2–€4.99","Habits tracking"
"2026/09/22 6:52:43 PM GMT+1","Daily","Daily","Being kind to myself when I make a mistake;Setting boundaries without feeling guilty;Maintaining positive habits","Yes, regularly","Journaling or reflection;Wellbeing or habit-tracking apps","Very useful","Somewhat likely","Exercises for self-kindness;Exercises for kindness towards others;Progress tracking and habit reminders","Privacy and personal data;Becoming too dependent on AI;Cost","I might pay if I found it useful","Less than €2",""
"2026/09/22 6:55:35 PM GMT+1","Less often","Several times a week","Maintaining positive habits","No, but I would consider it","None of these","Very useful","Somewhat likely","A structured 21-day kindness course","Becoming too dependent on AI","I might pay if I found it useful","€5–€9.99","I think it would be awesome for kids rather than just adults "
"2026/09/22 6:57:08 PM GMT+1","Not sure","Daily","Being kind to myself when I make a mistake;Setting boundaries without feeling guilty;Knowing how best to help someone;Maintaining positive habits","No, but I would consider it","Meditation or mindfulness;Journaling or reflection;Self-help books or podcasts;Wellbeing or habit-tracking apps;Coaching or structured courses","Extremely useful","Very likely","Exercises for self-kindness;Exercises for kindness towards others;Personalised exercises based on everyday situations;Short research-based insights;Progress tracking and habit reminders","Inaccurate or inappropriate advice;Becoming too dependent on AI;Cost","I might pay if I found it useful","Not sure","Not sure.... Ask me after I try the beta version :) "
"2026/09/22 7:03:39 PM GMT+1","Less often","Daily","Being kind to myself when I make a mistake","No, and I am not interested","None of these","Moderately useful","Neither likely nor unlikely","Exercises for self-kindness;Progress tracking and habit reminders","Privacy and personal data;Inaccurate or inappropriate advice","I would consider paying for additional features","Not sure",""
"2026/09/22 7:32:50 PM GMT+1","Several times a week","Several times a week","Being kind to myself when I make a mistake;Setting boundaries without feeling guilty;Finding time or energy to help others;Knowing how best to help someone;Being patient with other people;Maintaining positive habits","No, but I would consider it","Journaling or reflection;Self-help books or podcasts","Extremely useful","Very likely","Exercises for self-kindness;A structured 21-day kindness course;Progress tracking and habit reminders","Privacy and personal data;Inaccurate or inappropriate advice;Becoming too dependent on AI;Cost;Lack of human interaction","I might pay if I found it useful","€2–€4.99",""
"2026/09/22 7:55:51 PM GMT+1","Several times a week","Daily","Being kind to myself when I make a mistake;Setting boundaries without feeling guilty","No, and I am not interested","Meditation or mindfulness;Journaling or reflection;Self-help books or podcasts;Coaching or structured courses","Slightly useful","Somewhat unlikely","Short research-based insights","Privacy and personal data;Becoming too dependent on AI;Lack of human interaction","I would not use this type of app","I would not pay",""
"2026/09/22 8:01:14 PM GMT+1","About once a week","Not sure","Setting boundaries without feeling guilty;Being patient with other people","No, but I would consider it","Self-help books or podcasts","Moderately useful","Somewhat unlikely","Personalised exercises based on everyday situations","Privacy and personal data;Inaccurate or inappropriate advice;Becoming too dependent on AI;Lack of human interaction;Environmental impacts ","I would not use this type of app","I would not pay",""
"2026/09/22 8:03:29 PM GMT+1","Daily","Daily","Knowing how best to help someone","Yes, occasionally","Self-help books or podcasts","Extremely useful","Very likely","Exercises for self-kindness;A structured 21-day kindness course;Short research-based insights","Privacy and personal data;Cost;Lack of human interaction","I would only use a free version","Less than €2",""